user_id,opinion_positive
765,20
5,63
1,9
670,34
334743,23
17589766,55
6085618,25
898425478,77
963582,81
832097,98
4874,95
9532,83
35,22
2460773,21
96989848,95
5073,69
32,83
462535431,37
17,65
7885,77
7598855,7
705373676,51
1594,93
91783828,42
2,90
64747313,53
3159,66
4,14
956,63
59990,59
0,36
8302850,89
149,46
33,18
323,37
2430532,16
1741305,81
76,37
6643042,48
90,24
42,45
8,46
5148428,45
9190,54
76059,35
1009441,68
760207729,57
24787,85
1379138,51
52,52
7643190,84
7790,63
99836,24
2031069,49
279,48
76759035,100
4811,30
896369,48
967351,22
411967127,29
62686945,39
841,8
292,66
523,26
22,63
82278,52
941386,18
1166078,95
5664805,80
80,29
9229,81
606501,91
71,32
876,25
371,8
640953,40
6939,24
7,50
20,38
802877847,62
7990534,53
4838,28
734,97
72,32
1255,33
16767673,36
780060,80
4861774,45
50760,59
66442,84
885,21
7002836,41
1434,7
61001,42
6,45
564,73
489695,70
89291,14
2884950,39
683706,20
568,29
46997,95
280,31
565723798,1
93982715,4
62255430,3
241650,56
878680367,3
972113023,75
1679,78
922021,64
564444196,25
8573384,92
936609,94
424,63
837664729,62
55610571,51
76448,22
10,17
421,62
151674,25
366030565,52
48,77
23403,38
1531558,80
38101,51
11,91
6639078,89
13520,43
9373,51
39644,19
493,94
5565672,54
3,11
971434544,50
18,97
59480,10
90875,55
7096679,86
4493149,43
13083842,95
8830878,69
59543,99
1835,31
7903868,59
81020745,87
582231629,80
844110,4
711081454,39
38,40
89748468,11
669,58
7555,14
684542,65
660439677,15
9120510,87
63,47
97,49
510974,75
16084,9
69245351,35
954609,43
163353,12
360,58
4653,47
61021943,23
15870,5
742310,73
123,97
929,97
422902012,18
851,57
1515785,11
45,89
201244514,74
712961715,28
6440639,25
601215077,20
82243,97
9740589,38
71961610,7
701,23
23,6
9923637,39
9,89
67,63
61418,78
718451,68
6125599,60
407,40
782528964,77
31446056,23
737956,76
204485655,16
49,99
296739509,62
14091,63
7508,59
585251143,15
46,13
880,24
49335508,52
31,21
4258544,59
84,100
522,94
3379112,84
37,14
93230,29
5251340,71
8812600,50
35981,64
611,35
728191,29
5534,71
4674,91
888772,68
435692,83
3639,37
66844,86
51,88
453122672,52
6230,78
17689387,47
13,6
31471,28
303120,41
25,58
53178,100
724,91
510643104,21
22688,17
454052432,6
69163,69
498113201,79
350,42
1833,21
95654315,79
8997087,60
4492,100
373686787,54
370115,82
50659840,70
64521,93
84177732,39
12,38
2702,69
8426223,68
249770482,3
82577,91
43,84
96,7
84863492,62
5565,2
44616,17
434682291,6
855,90
937562,14
708145,12
55028342,25
6418,85
1416847,31
850,20
61,75
63431933,11
8444,18
87,54
6427770,20
27213952,60
86,77
42599,46
824887661,49
8200,37
97051,51
10234322,28
931,79
750895,96
50,81
1577,67
5399,4
313052138,49
899397,38
90174788,22
741,86
33013691,71
149956993,29
8139087,15
51597,78
80449,90
33913616,17
9833,22
224,43
846990077,62
2481486,42
34,13
837103,23
256,62
149584555,99
8253379,18
30,93
66520,29
9556,79
40553209,33
304,54
68,3
4576,35
602763914,79
1793,42
27,13
17952,83
1097679,51
8078,24
9203430,1
9587,30
157890,80
1942450,8
472545,75
83670,1
225682608,21
643,95
341694,83
1725,42
66292,10
36303,64
930456543,7
7933910,34
467,47
59671,86
4876743,32
47543390,91
53,83
16026,21
67679,88
3193,12
6309265,99
935123775,6
13664,77
160532706,23
7464327,19
248798,42
133695,73
14903,23
8138976,8
3008,53
815916077,75
1237,31
5807,93
208,75
815,95
9194,4
31443,71
705,90
5577,72
281630421,20
9107,67
21407530,43
93028,69
748,42
3069901,79
2014271,72
29,31
992789306,47
496422387,15
38437,9
82,74
3150423,5
759,39
611912099,93
90180857,7
64703,65
182745785,43
86201843,40
700257,79
14882,78
28770,64
75901653,13
686997,26
4393,16
80356,37
449126,88
813,83
39615,85
9305532,16
539,93
11254810,84
96855067,97
811,59
91462312,97
175135,31
29391170,81
97289,39
907622422,54
6031,49
83,30
536081383,89
196172565,3
8166095,38
404,100
5530,76
8640,16
5991,66
156877719,2
26,67
29068493,58
778210,12
693108202,72
2110654,22
2767691,17
95,9
91157971,30
3140,73
23746,60
93149917,90
322533444,58
54,66
391,76
53459518,86
30699,24
683998,20
780,86
966,95
968,88
73278678,93
2863238,49
755602423,55
555743010,83
11546,82
938043,3
289,62
60,7
37024,89
1481,99
252305428,10
477367891,49
968009113,100
42008622,4
426082010,47
28335976,15
96630468,87
344688282,66
722693685,7
6159783,43
300,18
890656242,75
80996,10
59031735,72
42544,40
104322951,65
7983921,12
794,90
378282,81
2557008,77
936,47
811706280,19
4830786,44
1363934,50
1943,28
452,60
4158796,12
187528,6
791879136,53
4853,18
108,24
9028,98
6112,25
3767279,76
637708219,40
22416,62
981,76
332024808,99
939822,80
819011,9
61506,41
68355498,28
79104,55
710077,46
133308945,85
3069607,6
2800240,83
72858,84
36180741,52
30969456,87
8129,73
67556301,9
410279,90
17817,96
40916188,55
1497,46
726,5
70634282,88
12655361,23
143420,47
699,62
868400,72
69430441,81
2259,51
980210,65
6671,96
734158,40
15282564,95
411530367,45
2461628,21
389,65
9318,36
49698496,71
5834,79
586545,29
3195308,24
4597,24
255,75
273,32
9890537,83
58,25
811379,4
48840,52
7455920,27
83056,42
2199323,6
471,27
19720,99
2889,41
929008,11
403410,85
464,32
6329,26
7880556,24
734132569,59
4176427,69
771926,41
2373486,80
240077,4
583720934,90
5126,74
2141,91
721,47
734624,56
178379,58
333983164,74
525538581,15
43960,45
66074,52
752,35
43190,45
259507,16
288,50
264976805,81
903658708,75
415143,51
4977,37
6404,21
570920926,68
928658719,91
280452,98
178837,29
168285,42
9566,35
92760793,10
8909,1
87229211,46
46886877,66
9093729,14
1860,69
17069333,78
227237153,62
5943,13
13090191,90
8745245,83
8730531,82
3794336,83
601598658,93
2025,93
8822634,27
5511010,25
4093,93
83768,54
132242936,48
448665,44
982102505,60
891,40
5870,38
2527,86
609218766,11
81122941,71
931932,1
165,85
35575728,5
860240055,14
82462,14
313317187,24
59781,92
83620,74
47457,2
115,9
62650,25
283447,77
5829848,56
679027501,34
268547,12
2298,76
8237697,46
45608398,18
29196,16
525395536,83
867563,38
809295959,95
2084748,8
8750367,18
190813,32
486008,69
44852,58
8985192,24
218,14
6428805,24
36896793,54
6349,19
472,24
839834,89
28547035,44
56192,77
134676805,56
26897,53
9620,48
2418329,5
25836,31
109339,46
196651916,56
533530354,54
60448,81
331759211,55
2851,45
8457427,84
3341523,28
88586576,47
12967,82
8336305,43
31220,41
62670418,58
607686,66
19842339,16
78028,55
41057,45
9795652,90
10760,71
28023546,28
52099812,50
48875179,16
352076,22
7703049,34
611097551,90
87633,88
9850937,64
91546,73
526488074,27
2268870,2
97882760,77
25467,61
700875,72
396,73
64,30
44372248,12
5395772,86
8713459,41
36783063,84
9728,99
182521,74
1622,41
526,18
4534,34
2240,61
7019382,2
61833121,64
53128,77
812861,4
374,88
336800801,40
732,36
3014,4
817,32
403,93
2592370,11
2972170,30
9407,37
3251,100
27242024,81
26959566,86
93699131,70
711450,34
769585440,11
7581226,81
257522455,78
10206281,56
876345668,7
81702835,47
3574186,95
391893529,2
584,69
596,24
9256678,82
88,77
45469,26
73,29
17080,2
16665,41
29130,18
840984,28
52203457,20
51386,69
98,3
991,54
303883,9
74470,18
56209,37
445118,90
349439911,17
27010353,95
87706454,37
411012,33
190055140,18
595,19
69125,1
59163375,1
217,88
7341595,70
7677330,97
5201,98
81726963,73
9527551,30
8247750,88
16,9
3446,100
28399,6
3572305,7
8917234,63
36787319,45
38734029,83
769599,56
66579114,29
241522,72
9007,69
99,62
22014,5
977022,73
932,60
7804,6
8485244,45
91,61
754754,83
566818,89
310487,96
7749,54
4669,82
42981,43
619467002,60
4562431,88
294150471,50
96442209,73
8912577,99
2073318,28
1090,26
29630597,13
84288812,45
901,60
44,2
3456271,68
38097700,7
20007779,79
38293638,66
22462,83
50544646,9
59759602,52
693,5
77464,95
7766289,44
2545,98
97581225,28
1674,14
192048,56
852851,74
7410,75
510,33
39012543,67
9587559,36
235290126,34
692422,16
658728,10
817874292,26
157798,94
363,81
429,60
6746,96
864,75
14040774,9
272133546,40
91371,33
107597,95
203841200,57
5252,47
7750658,31
772558,70
9704,44
5884,4
15444594,7
4447,89
350308373,100
262522330,93
846,55
52089,59
6380,40
7190012,5
419,77
43360,50
8892707,38
6194,91
217637,76
34658,79
559671,5
8881149,32
7538706,68
6344939,38
877,40
1223998,49
49858,10
85,67
3791077,91
70,33
62,94
9473,87
4218,38
93,52
8060235,77
46361,91
587,44
734364,24
5497436,38
223141,94
11344616,50
8382534,26
97869,22
3310540,64
169,38
226,92
1234144,66
185887721,74
899665178,86
709,80
35124561,18
2594,73
333,37
406,31
824244,18
839,91
323491,72
40,70
194965735,8
9178,50
191250,60
546,42
163255,4
2885863,58
727,1
845,45
1192729,27
771473,14
139,2
558406,79
6513164,54
36,29
89,69
271874,33
28170876,68
93463,74
515,31
851811,55
297391,84
905930,58
724448246,98
882801,74
4513550,39
25453349,98
303,14
684,42
978,37
70240682,55
317,20
714464,83
203,30
233911,57
9233,57
8768,70
2554,71
4055980,94
99979,98
70095,90
4340,85
62919,44
34076210,1
8365202,40
427221,12
90213,62
6942067,61
90085,76
295005,58
77542,15
314306071,1
723362,53
4532945,11
164906954,1
84043450,64
9507140,68
47,52
1783341,67
50363,93
421316439,15
6710511,92
19237,9
289113,57
748108362,89
244116555,35
284,51
179072587,58
89529,69
637446,60
921070308,62
478043,57
127952,21
39,59
21,73
5019,60
476823,65
790990500,9
8544903,70
49237,77
739,22
249785894,94
92061022,71
8022713,37
19165750,28
64363,69
465900015,9
766849173,40
7617,42
192826,92
305320,73
17447,54
3060308,72
38745587,82
103,52
298359325,3
970,54
302388,73
18050935,78
1467,58
850160,99
278,92
2330,70
4956105,72
742524497,73
4552242,98
3599,86
1189,27
279544111,56
362145,50
2620,83
10512,59
97967105,48
697855,10
517,82
45546303,73
8219440,99
68204102,93
65654,96
4371,39
591,28
1351,96
2672,43
841960,69
74912212,19
762513,9
504045867,86
1794,24
63667,11
13334944,21
906294,12
31072,44
167110,5
91507,87
4667,90
935963754,76
87797,54
427,45
2803,17
9507,18
632738,13
443,16
59069336,57
43157,33
56,30
64060,3
4134052,54
49429,46
2609,76
42436333,41
277897,74
3151731,95
3195038,59
239,46
6956064,91
66447,35
8160,19
86898,13
86657339,22
2905,64
13120595,86
39277,30
19229195,50
108726338,30
8908,29
301045,1
33293,57
61341,18
1892501,58
846630,43
489,5
352,82
6579156,88
6258,65
557344,89
549,13
87307003,100
115748931,59
3739,9
3921,2
55,69
246279,21
13620,61
56001281,70
8068,44
19967,65
576475,55
9536,34
81734186,81
7091131,33
20713092,33
7568287,78
7712826,29
414045787,75
4345924,73
81670112,68
6370,75
325933,8
77,69
2477,96
8877765,70
524793,31
338,32
887391,46
38418,49
6906850,26
925,68
351,50
67595768,15
926225897,60
771,73
5547441,12
91692,23
38993,35
91486,44
34637607,60
68034427,92
518532,37
1516,61
614184,86
28,12
59871,48
591106,50
34121618,77
191,91
8631140,50
86934,42
3627,50
681314488,23
678,88
8304,79
954642,90
9956411,25
29262,48
782255,17
3230249,29
6850306,74
143681310,97
80184,59
28823,11
24190953,29
588249238,17
27543,20
1442,83
94529,29
19381491,98
33654893,22
78374,9
193,26
8734,32
32931777,94
9680358,36
941010450,62
6604,88
562,61
127524372,21
85866,34
63113,60
6911,47
73527746,55
90838360,4
3387899,15
339996404,34
6692,21
198226,25
839311,6
1136,89
703,100
209,71
466,2
1696172,6
6508945,59
736946345,83
65655309,80
8391001,24
154655938,41
385843,90
892704729,13
384,29
790797,22
97310,37
854,68
574570135,35
355,99
2907,76
834388006,33
723730,52
87647842,37
220541,35
234501,45
27723,28
533041,53
606588,6
71889397,92
653243171,7
23029,43
2795,1
8817,94
309958049,81
53288,99
282609,56
665658,85
1221,6
66646818,38
725042719,10
9781,8
420,15
6123,41
857577,95
6844,35
104,38
752195951,84
94,45
15776,68
2911218,18
291,30
871921069,47
582350,97
497507703,52
94738736,64
3669,19
803,46
890,74
9099527,23
4942,59
79,42
714646,91
7220454,18
46473606,81
6759062,38
999082837,75
95821,30
424716701,83
4933,85
552328,32
8815862,92
307042,33
764,100
7770,71
660,84
733228,40
800,29
49296,18
47440272,98
2740724,7
719834962,75
3512,61
7053559,59
4187251,56
1279066,7
8083950,84
7231680,17
3837157,46
78,33
84671,8
263897412,59
5405,57
15516,44
12984072,24
784922841,75
737337124,24
619448050,84
190032,48
429873,80
34577,87
82109266,89
70929351,74
806823,58
130964,81
9387800,81
2217009,41
1576414,58
2258,90
62988,31
174,69
9090796,62
408655540,2
697124824,95
85618,19
56153988,48
862,31
65,1
7240,96
156946,42
35662041,1
21959,28
10542,37
771692,39
61521,57
282,89
948947,75
8319,84
828725123,24
14643060,19
44535,75
6132,24
9676,28
916144,8
81306,38
844708,18
74426,68
23497014,70
30512198,84
227637786,53
6431511,100
452294506,71
327919,99
9825,60
571179853,5
9499059,9
75464,65
4280336,50
230722119,69
892064,83
701878,74
26379567,50
84630221,6
40754,28
40929,14
82986,58
22673,55
2149,55
8234464,58
24740,22
60832317,99
8562,89
64633,14
790648696,99
893154298,41
828289,23
1453252,26
41,34
516781,12
423879,89
78924269,10
657,92
72846007,66
30834886,22
101260,76
1018345,62
543,89
100,55
2636088,48
901594443,29
9572317,24
277406,18
342633,93
916,58
52130,86
39184757,37
3032,80
18760942,4
991448144,86
612783236,13
41177,21
220606,26
9855742,79
15681,9
914959407,2
150550,85
728687565,86
589147,51
375063845,50
5441293,42
479717635,6
1085813,62
182,45
27191387,56
426,80
4204133,93
324113748,86
50552,14
8255352,78
44986354,58
2155401,56
96811,25
191100,26
40145034,71
4000744,88
72374,27
68648420,68
714009,38
66261,95
138,41
797133,29
18818,62
45915,36
83267831,76
26930826,67
76632849,57
98581,81
7914485,2
15849959,95
2870,100
13991,99
542013622,21
6569,1
1310423,65
14986661,10
322547,18
7444837,29
12986186,100
111,93
787,5
945489,71
26838,22
43092908,10
78590,27
7902769,47
2136788,60
704456,46
381144,59
30162,45
69,11
5025,54
173,36
894666,95
6065,85
4558117,63
26501,27
956392262,75
23185204,32
44326748,86
4015,69
9065,4
5668769,88
828235,79
38007,56
6164,16
29009216,2
116712081,33
80518,5
4537,76
7084,39
1971,31
393,35
5926,16
43286,70
95616580,74
3140052,70
9657,83
289703,67
6193,34
68533989,43
75,80
3434,36
40538,62
82399178,10
196,66
7087442,82
592477,49
82497,92
349249612,91
652231,54
528255,87
18982,100
340819,10
11300960,82
4268151,17
6312,36
2617,89
8814980,63
318250,43
3291829,53
616767793,49
61471,5
14,93
62693670,98
187169,79
4569835,46
80202,49
378,20
48863124,39
6542,36
41510,28
53228123,84
6612107,12
7281109,76
9370,49
261,91
949144,91
28464771,46
439729418,32
164544189,57
166420402,5
197305785,38
96980,4
564894,91
7341045,77
10376,20
10840833,90
8717416,12
7879274,66
490149823,56
504,64
510041293,93
5030359,16
95373710,82
86107502,60
56363,60
5324939,83
20010,35
9993049,75
4405288,81
9982748,35
1081376,74
977088956,27
449872,61
187138522,82
2707,91
267692,78
885425,13
52698079,74
40741,43
2129,33
53117,93
7687,53
537835,70
9991,39
531696,2
2345,27
6391068,91
849675,79
17543073,28
2836561,28
666342,20
647389,48
34270496,18
28262,31
371809657,47
415571076,17
33590620,72
556,24
6556069,29
3267,77
95955707,43
64947,28
8182465,13
995211107,41
80693432,75
8811,29
822436,96
403072,45
61371,22
467385,100
26927,57
16321,88
693979763,89
928,76
900563496,26
387,13
8232,91
6908218,30
308199584,43
816914,53
29742,20
3019951,49
296,52
307852,18
220306517,29
620497821,30
52614,3
57581,15
53014390,4
944860,21
9922,25
71777113,67
14018480,84
2910298,19
8521,48
31070,100
423948,17
433939,35
9369,81
61682109,56
8041630,56
231,12
623380,70
4878,56
29515,67
1886624,98
6652854,27
897859,5
421542,85
965292,73
105348374,100
66418,88
73488546,41
55806010,10
3582,15
597601,97
8895888,29
668723,49
13917,8
6210,90
53656216,51
511,75
412928589,100
472121,25
15927,78
21296756,11
2326,7
60927,51
688,22
2890309,46
2461804,30
266,81
11191,46
9262501,26
16654459,87
6869,66
824687540,34
5755,69
7870,86
16577399,39
39255077,62
330464829,64
8175,69
733,43
801,7
26799,58
3969679,95
172,94
4320,3
486810122,42
957,33
5501,6
30209584,79
822351173,18
820,2
760404643,51
366271629,89
28149840,6
75945,48
604471,20
9998,23
82359401,46
3435,38
7863,88
1496736,5
772372901,3
9343764,50
35824018,53
219082,95
37334,15
82026,53
423904,64
5702,35
29270,48
47154592,26
4815203,57
5245,85
20565641,46
871882,81
1985,30
76178436,12
20532,35
84359874,4
4288690,20
45680494,13
2984,74
713,98
375,47
2420258,26
8211465,2
31518,80
85681,31
34868,71
36166,62
880745827,98
773415,19
5980,23
9934,30
4119,6
81994290,47
247409,68
8021,46
7949,93
8824,77
28979405,38
90469674,11
31831323,43
297355399,24
9136005,13
93405,23
9770,52
5383,62
4286,15
698614167,47
788090616,56
3359,20
2001,55
461737110,2
829,42
10645100,30
257,71
877354,59
547135,71
4403,20
767341,44
3542885,81
2900,16
808714936,28
20406888,72
663,15
90099,90
86734067,49
2070688,33
302,15
991694385,46
937,40
9588,21
5458,98
37437807,10
22029,1
28821,29
439422,41
3571102,59
5930125,96
382,58
2130,45
32515604,89
774833111,66
95253445,25
93880351,35
8589658,62
12499,67
32322,32
4898277,42
5226664,70
59251,38
6801861,42
218123017,54
496995649,51
75095,100
372,75
76659217,56
996045262,53
295004,38
6765504,62
4839625,100
29605427,36
450794,5
150340,84
405,37
5232589,79
4998,49
86586,73
54656517,7
780802114,56
3430,26
202576,18
5460,41
1005852,91
5736,49
302056,81
10806,7
358968296,31
959401,7
229094,26
254,30
78020,92
4766800,6
45966839,51
23781190,82
698,45
7076,86
8085890,18
78340678,34
84848027,56
822706,63
52705412,93
2007,51
150119,37
973452975,55
172841670,98
113705,71
451749490,52
49296209,62
4686592,96
24012,57
4753574,73
3865764,88
4744,11
996413,73
4091,66
57448,3
668,38
532509279,45
940150212,99
760,72
41136,88
56108226,64
926489173,92
8462853,66
313165166,56
78597674,79
99902604,45
376,16
2732519,16
4804795,32
99223064,55
87453,2
976624944,89
751464,39
206375896,22
2423,67
78257966,80
5415263,94
80095,18
563,88
15200709,27
81991,88
403928268,56
798,16
1165098,74
668715,11
2465819,78
34022815,77
484,5
81,15
72640,87
640483,92
39413348,37
48753519,3
43996,26
586461,45
944,98
433753321,1
19060,24
64905507,82
6825,35
5623974,79
455183,78
74,40
93197,54
963700,91
122,63
252401,11
512,44
858,13
856,6
3094074,44
359349,17
672371446,39
55643060,93
49067,53
31977,24
21260269,9
882396,14
16712228,9
643397,62
1719,39
325057989,10
4099,92
170838,26
52422,74
64987542,55
64332,65
80851774,85
9696782,70
2068,67
41380339,45
80775,52
6820,80
889353,96
792940535,66
7464532,56
97217815,27
772,72
502194502,86
496823,99
621907241,18
1063,37
7725678,48
5530009,12
1721386,16
59889,50
5086837,72
948,77
35201313,36
14539,15
199,68
59765681,61
61465,64
528950104,89
774941768,19
906,32
241224254,48
998158,71
82588101,24
537738209,21
956444636,10
48307,89
548172,17
781,58
9347,38
910,83
83851898,9
3776,75
320058,99
28074,80
974936275,58
119,9
3056,36
244,10
85571556,24
51192,65
730454,14
33848441,77
469069,97
8641,34
73524,56
990532,37
805789177,97
54285213,26
2656,97
671,100
4022,6
55435352,21
5772361,59
7114319,98
97273,2
243147896,19
64593,79
5244,83
836051,26
1099,25
36573991,80
177007,73
7505,67
708483971,1
93175280,15
51389728,26
123595700,47
3811,65
70372,10
2324607,57
7043370,25
7645,49
1217269,8
4275462,61
926089,48
900092,100
91737,99
93218,92
776459353,70
62312,78
93662687,60
76092190,19
722480689,34
630311056,70
182872,62
8267346,79
708,38
409405329,84
621063806,3
236998210,36
51174568,11
982,46
5908272,70
3433,10
83230116,38
928858,6
597,89
913,45
795,89
2730098,76
8115664,25
44025532,8
211,68
2116652,59
87408131,54
892921,22
434,61
8759311,39
9148,86
2774,78
66125276,84
37893647,1
987196500,56
9610658,52
35616236,4
8872364,86
373,60
1803245,57
7008,50
34140105,43
497,19
438345795,100
4521,77
295137,37
9859,97
543121256,6
831,53
857997,43
27621,95
19917517,51
57167239,55
1210,72
307637523,40
53958598,75
9295,10
561,25
3221,13
204,2
966540336,71
7803940,79
6506,70
589979205,21
9268933,50
7298,73
483,94
677356,16
21119,47
70914692,71
55226246,22
4606004,49
84641074,20
144,98
11130411,95
52085368,28
5750,93
159426370,27
76232,13
95685152,90
907,76
7153,78
95028,61
334409730,98
247,100
274631188,97
7148,70
961,37
76617626,28
32911067,43
6698244,34
73786540,79
500223888,17
6515,45
411577,98
592895,51
835983,73
88804749,87
797879,14
3223549,73
272071,13
479619186,39
75643,78
191139,60
937752842,61
8115819,25
868237134,31
27168880,8
285590,44
431923,44
371593,1
782,61
314747889,47
48533,56
81806,28
3889053,23
381656,5
37488,50
630205,10
208696428,29
30899,44
9417,83
558,49
653,6
7398,99
9724931,9
186,37
926953,26
259270,23
78064,45
77740644,26
1672043,43
52887213,22
223,77
688367311,28
82290,60
82168,39
27756,99
4524,8
44428972,28
33336,51
705554376,90
97591562,49
47998728,47
509259,66
435540,45
4985,52
490,23
8765717,99
703169,39
448916697,32
40628,99
9277,32
2044847,62
27352823,46
704,13
484566,93
89720,96
6108,43
39093237,46
544299059,43
282710,40
676,18
1657131,56
856025575,88
98777783,87
8220743,25
894373486,81
831273478,4
205159,44
213492789,14
19,59
747941786,9
41925230,54
2002,99
715,78
69917126,94
43367,5
3544,27
9914,93
8704,79
634,4
24580455,33
65570198,90
269,24
9101,15
1570667,53
9624,27
608983,65
5394,80
4498381,67
3315612,44
9589260,3
886,85
99603,100
145709354,83
867899,54
139372,51
737522398,90
754830,86
344223249,22
190960549,61
4023,5
696,26
4405480,38
9714,42
71043858,90
49097121,10
9787,94
8413757,95
77641,47
7088,17
90319,19
35253,83
27717,29
22711,77
4113502,52
65308511,44
42129907,5
8920,55
8600355,80
68292,66
2676401,55
934322400,61
343,65
505,9
8180,29
96345,41
647601255,39
64451205,17
610,23
774,4
98386643,40
6661282,20
851595,18
1935,48
83821858,84
179,54
745466836,93
53684,20
700,35
45282911,34
46969640,53
9065268,31
22775967,83
7390069,89
518,97
177104353,35
7137,63
9279,1
521942,71
807494,52
26439200,30
18328624,77
356921203,76
128,99
9906,62
212486117,95
5191602,61
406276114,25
349230,43
9935537,80
84933480,61
906964,51
8962,48
533739,97
600717,66
2521,98
129,30
99580,35
71850394,11
7897,75
30322,28
945,76
34704546,86
419125584,65
449355494,7
942553265,84
9569,17
50983486,39
222565,77
474,13
76113,91
777418972,37
815584,50
173427,82
78023,52
3270938,11
24202,21
5066,19
928894,77
5717932,15
4012559,76
7275,9
4745,29
2431,50
2369,68
670226989,44
656577,95
7512987,31
82724691,6
618266,19
88284319,100
377602,51
3835792,81
32692,36
159,40
36163739,90
3548,52
1197779,5
763202103,59
4544,67
569113,91
3174849,14
56668552,81
669973,6
398,20
1919973,3
57,97
753973,27
9650798,93
5331060,16
936899635,44
4825740,98
310,100
90768,94
15141,48
6078672,63
210,19
920076380,21
97705,68
65171,7
6426473,5
4072,46
84848,84
630,81
8922989,60
266050179,93
7507,28
98959620,100
737477,77
701041,25
98002390,91
3048998,52
32449,30
1175423,48
8913,18
5793,67
68657142,89
431,88
3500770,97
57744,47
2935243,34
51100156,66
196250,94
881579251,16
36632,41
75336,96
326,7
71911,66
30780017,49
185641,87
981500,26
8993,7
635299,10
856333190,1
2482553,88
656189412,78
91947690,63
519720,88
25917200,67
673160,55
834758,29
3671,91
8681,2
580,64
15133878,26
89587387,82
180644497,43
373909835,6
874707336,80
42555669,23
795003403,27
63513,72
9281597,57
23979,36
563247,33
59453854,11
89920,2
92396,22
99694479,22
8764750,5
348,78
6447,1
95595490,53
469,82
88713725,10
885151,69
5321023,4
53217,84
9371176,70
705577,27
98880989,24
575,23
847,19
79505,90
62795,72
93924,75
491555443,83
468768,92
90410,4
11035204,90
394,94
95290846,84
16825851,40
493391,7
992318445,68
2818784,92
93738520,24
176,84
1804,47
9410,89
1802399,59
98928230,19
503544785,38
73152889,10
36782,83
4350347,7
68638391,30
316525,66
7820,79
428667,71
45849,38
554993589,78
60358,28
313993990,26
2167494,35
26716143,25
87278,42
817651268,22
885157,94
9932718,86
73683,93
9198,97
58522,65
7355,98
99092593,58
711228568,58
66462616,99
799382,8
48367,80
65316783,71
1388,4
1893,1
9681,6
6983,11
793,49
2903885,57
208868,57
95374219,37
469792304,24
7804213,31
1137,70
583775,97
2439394,27
4482698,6
70214536,47
5250221,8
2235707,44
5779,14
366512,81
1764,30
9002509,44
1174,55
14931732,5
18870510,93
867,59
649,88
3068,89
3857912,61
428115233,57
124550,71
881881,99
11919309,11
7475,95
5363,40
523451653,58
36727,49
5039368,35
25889,67
71919670,7
986441,21
542557530,2
773846,67
406475,45
6143,98
6541449,79
924,35
256693,57
15,94
2473382,62
85346,95
693049,48
7790699,41
884986137,9
6772,22
36458173,12
91541,44
88514,83
62299752,57
378433,92
476887,93
6923062,60
160932,5
974213975,38
320,34
8661528,20
7613,81
677299,42
671058735,54
3511300,63
288489228,50
4738,21
404524072,28
732986,57
704441800,64
3354,67
40731275,63
89357,67
7409484,35
988,52
480,13
11717468,31
572777109,46
578599,18
15191021,30
66,15
1072,17
141865818,64
89463287,40
723400,74
692297961,13
9423186,25
1558828,75
819501,64
3151,78
249769,48
5139,38
5226,44
823628,48
1972140,18
54319607,70
84289,84
3430968,33
932236930,19
5489,28
3254355,21
36185890,53
37370,63
770765470,8
93793,41
8226748,85
672792,75
92685,74
6437271,67
74700198,27
7746219,63
33156,58
5216770,32
13915676,51
10765480,13
61012,38
96031390,66
15942,58
953643,36
616642235,54
9490016,67
156491,46
368181850,74
2050,8
80151,24
72976068,76
68259,70
95816,25
6379,70
3113794,38
8116467,92
4651,49
2349862,25
633554480,98
18834000,86
2045508,37
635,43
622278,31
681,63
53630,52
4633,4
240969,64
486489328,72
148264649,33
517695852,29
308,54
269639,25
871106,21
7263711,85
71256,58
64431,17
38514331,89
40643036,34
6298553,61
345332336,38
514351,9
939922,69
1943676,14
786094,62
8501436,65
69620760,43
39635,23
982824399,86
472983871,27
670092,87
17374845,80
583308,13
24,24
89795471,33
93690,88
1399332,4
55835,56
24983,56
277,19
58223,55
118,65
98932139,99
7352506,42
446404342,35
31693649,95
645,70
70223412,85
155265583,79
269748094,72
982048563,55
48009,93
40514584,86
7998,4
353972711,12
437,39
7707,71
5211,42
767099266,89
52374,22
364,46
7941883,74
870336303,37
655310604,72
87909081,53
46723059,62
5716,14
479528279,79
675723173,26
982978550,6
27519,3
969,84
2838,54
9489925,47
2687286,44
10548778,81
8334,47
533,23
634687,30
534522607,24
101849,62
77721,84
5169906,10
57932,10
357236238,4
76033,6
35762,10
17169485,18
609,70
70211028,28
604,99
61461413,12
479,21
509,77
9722457,37
171859,49
326282140,39
37206481,32
327024105,17
748832,65
3157918,95
9750,40
7250144,17
5648300,6
947,73
43254,82
1716,35
378264,9
462433,44
1208,78
2700,78
582485413,37
473248399,7
4048527,43
34940772,19
47226,19
99226,95
624,35
55703,99
519249111,36
24591146,56
472329262,24
68732098,22
91608,80
628035271,68
7830,70
103222,29
721077,78
4210430,20
8889024,1
71556,8
1201,51
8816,64
784401182,77
63096,38
9278972,100
69879886,53
695318273,74
486202,2
642663,70
537327267,22
537965,56
8509650,15
89738,6
378154151,16
856204826,39
1039,62
8211,91
53065461,59
433673788,68
30909,95
164690,66
2765,62
2621525,77
205882,14
90675,76
8144,54
634354,16
9336,82
279152,65
689294,51
23528,33
3445,30
4918286,45
2309403,39
11888141,12
952,36
926965,5
49606328,73
17923,38
26581059,91
444,62
8853179,84
1535014,18
4671677,23
4001,45
4522,4
5897935,88
95271,9
9707461,9
93468080,98
13040722,37
2092,43
1356627,38
84460,18
6822,91
77186,40
833513,35
68447896,94
820891,46
6523059,60
670579855,88
507,100
561657,87
4904,7
3071328,19
21104,98
301,58
392097,7
36978461,81
617993,49
9611,68
967,7
15880,95
5278,30
54966555,30
689,92
521394142,74
422,66
369403,75
6457208,22
427491,10
95771,96
7011091,48
153,31
706,4
440,40
5192,43
93582,88
42893814,56
156,29
575353503,78
788,44
16124862,25
65136427,24
410778,91
97372,25
72271,87
2883743,67
46412,98
59342477,36
38358335,87
8040945,18
82814427,97
4110184,54
95153,6
377889,23
921526,38
526359270,96
753068931,61
2192,82
42697,34
9580,48
6242893,31
5098452,34
847648634,84
732807,87
63681,93
19978204,65
5841,66
9251,20
744450,59
67635749,9
463510,31
67449602,2
718,35
42248,35
73378,51
12036,60
520747,89
633869,15
353,70
612,77
293,68
582092,76
401,96
340924,100
696809,85
17528370,32
404182,18
15767580,32
4291477,55
1022364,86
6820699,89
74081760,7
8237423,95
42549113,78
46940,38
5754276,74
574,17
670970,2
408860,79
65185911,34
79954,45
589968,89
55911379,82
667547426,58
81804,96
3428,35
857921552,32
504283405,49
76537312,59
9987922,84
598082283,60
2739648,13
5246198,54
941,89
3102524,4
906874647,13
887873194,44
4064,83
65500396,38
8215,41
6057605,27
319372,73
1056,69
537,44
40137386,98
1000813,65
154108,52
528110,79
90665025,88
2412100,32
19940952,88
7239934,75
442,56
233668127,63
305104,29
460274701,97
4142363,96
22337,29
482,96
159700002,18
520292048,13
5647,62
2992,44
8240,53
6927753,87
785341761,31
94688,80
393387,50
254163,13
731562032,46
51568053,96
13572,73
6741168,17
31732533,67
6557526,10
90582137,12
92,60
2068026,29
662998285,29
51165278,64
412,94
809123,54
598658,89
469421504,30
5571,12
8453,45
451258469,8
1805060,69
9086121,52
20616,40
81493482,69
1929,26
7903,21
29224,40
986,74
90855,83
62720930,34
5955,47
31620,29
230684,23
7850349,67
98743210,18
43162550,26
57420,30
762505,80
4763573,57
954333,76
797869828,80
3351,29
92343,42
6639604,86
651316038,92
22176,16
9293,92
4121,9
330505,88
72574,44
2825,68
11856,13
62928697,45
50495720,98
89177853,15
341,90
89977,34
925368369,35
810043,31
4555,30
98956,95
29598,87
54869,63
843,15
701603,61
51645,11
70565,88
4265,77
51797,82
795951,6
5140,57
339,78
402,45
8229968,12
485029,18
341358176,54
7029,9
8899374,17
155,96
452855,68
553,2
415929,77
72788888,13
7424104,39
98276,94
1922238,6
844152,87
3737,74
86751,84
17891,49
470745,52
720062,77
942514,47
53053,75
46192,72
6186254,30
1717,30
84346512,13
928907499,45
65844,62
32102771,80
9609,46
34045734,72
968981,30
8542432,8
70734,93
613495,27
238443738,75
456354072,46
1460,56
430,17
928088,73
815580,66
990,96
64923,68
26634,34
163797,9
1938238,1
1176036,28
702270346,21
31578646,74
95155160,23
188,73
8798704,71
67431,75
42355332,86
542007316,88
67147,71
593740,26
83932391,47
3345,44
383,16
89506314,7
78190196,15
410223,83
659431,4
8697566,82
7241337,23
84001360,82
9491,70
9063,17
4226895,32
354,58
14746244,28
6900125,31
8745,34
849794800,2
20919,15
527017691,78
34121,42
152800857,49
4839154,93
72196,41
239240274,66
247993612,43
19750,6
885466,84
71580,7
548837,3
8056183,14
121,14
70691,22
513,93
42405,70
528264901,35
808345916,3
5814586,2
48456,87
742,40
988141969,61
9456,50
879934731,18
33440998,22
3435309,51
49510956,78
69898,45
102,58
70256545,2
7643002,63
8838793,7
1341,84
340170,48
498492,54
42270,67
570022,90
74647920,21
8812,81
1678457,8
502,89
20176403,94
19900,7
87123,13
563830,82
234930358,47
56578,83
964097645,16
260,17
74692284,23
859,54
329279,51
4841,55
3110202,22
18410722,19
49530752,37
91588508,33
454,37
875980258,46
662492335,82
7484078,9
51104,8
939477850,48
656,29
4134594,57
9937252,89
30925,30
670468892,29
644,10
54171186,28
9677647,31
9374,28
8450229,51
14756748,27
11766,93
769114973,81
9114,21
6648,15
38384341,75
6292092,62
555286,54
628665512,29
4262757,59
59,38
219,39
377527418,90
447,5
388,70
878,85
1046,79
1293533,26
934305191,26
225837079,90
7801395,16
811580,5
205,55
777,62
75003,89
396120,97
5722,91
653768394,39
1282,53
4171890,5
78633,3
1249,39
919,84
96483803,72
995,75
100030672,44
38383,16
7023320,42
9139248,73
43095,63
1295,91
7941,65
33333,16
4639,51
6339,74
28895,28
92351678,60
62713,37
32218,46
145,54
75546,49
21228194,86
2169,17
61265,51
441576,43
7969,52
11920,69
6930823,100
335479908,89
660686,53
736,75
5172,24
1725165,61
6521,42
48992,94
15549825,95
280845211,4
90953,33
7568,37
3329,23
4087,34
8696,82
8841,40
329299,73
925088053,97
2601395,82
66018,67
51059,2
91277,68
11708,79
858564803,29
60838699,43
468,82
73347502,42
451399628,47
2877,67
297196339,21
38298386,21
75741003,12
59684,74
3377,86
588867,37
89618,21
4329,13
34499577,11
449812,66
4472,67
5203,35
65047438,50
925476,66
4277,44
152258,18
7921,96
80949599,52
81111391,15
229,20
650990680,35
772613,62
714,13
1044352,65
2387,44
2032378,88
345376993,86
59626950,74
18138868,6
64457,77
445382,84
6552,67
480568,3
3643792,90
413823168,50
18031202,56
60415602,11
23214,87
5371,79
491047373,12
943402849,13
683,81
9664,30
96309655,31
487502058,42
213228115,40
179311222,92
71076516,29
10644,70
673,40
80477972,65
45099,96
6004481,26
183674826,54
18052063,59
51384673,19
297810,50
7756,69
83663556,61
97496,33
115263882,35
3657,26
4032921,26
29503539,18
4573103,85
42490467,92
7613389,59
14674,11
3208896,92
675733182,49
2109907,48
267179088,75
92714,35
59670267,52
912731882,93
7465,72
680,3
6007598,54
9010555,19
412390,1
103710,84
75978,68
7694,45
432830722,38
86991363,93
155374712,64
94312595,48
286647,87
509425219,14
2410517,64
99087,49
757420348,35
9912,31
29143,4
92411447,2
528962,88
3593,27
346727,9
330,65
29711314,46
48659,50
4206289,65
969500083,58
1296724,84
744030944,4
9484,9
1393,9
213,37
369512,24
3319,3
7013623,40
15748,44
104693,95
59704241,36
58976,66
802,31
2554431,79
628736,60
377228,71
8420386,1
7545775,32
926457,27
30495,88
3608938,21
5291,73
12579737,49
512323720,98
392692,77
16777,11
91083048,97
196778,93
790126,62
326949376,81
457593,74
1484492,8
85619143,6
151114440,45
759779,30
7096,79
903582,65
739025422,22
197016492,31
731735,2
711276,90
14300750,62
9169,100
503029,13
16577,73
951,80
3044865,93
19496041,11
115503972,98
4180,49
2404,24
152962446,99
917011,32
1619,86
35548262,63
65278,46
948074956,43
3450539,39
3218,78
750616425,99
386415887,64
1400693,35
7011,24
645734902,17
99422897,52
2825729,33
19902377,21
96128130,90
364524,88
647,7
840844378,7
30667,18
3672908,74
7711998,37
126813,92
478,93
93828,27
685,90
24263067,12
309156719,6
353208,6
777126492,89
228,50
7709,27
49959244,5
79848764,54
8208440,59
285639537,54
8788874,51
400628,9
318564,89
51799189,81
806154,83
25302,74
2278936,8
275168,13
872711,83
59203,37
95697,24
771800,47
364834477,50
838,88
3676755,5
72736465,62
703363121,36
922474808,68
921703403,65
4209584,57
67695,73
284258,16
462416,82
756579,93
27853969,9
5490,43
9923348,69
42848049,41
919672730,57
3974946,95
79555,83
7832325,55
3613456,45
66008173,19
288044595,84
338003,68
349496,40
6377,35
152238133,7
207549,70
50595435,25
55478,23
36301,88
52491,67
994060,25
6152668,47
432,68
940767,25
28847,66
3323713,48
994,57
93270126,68
7190618,10
13347,81
2540,2
252851,34
5961222,24
64583,34
5305958,48
865470171,92
413521901,35
205371084,13
544,58
8602362,68
94193348,93
369790,94
606877,74
38539425,34
5041,4
659,58
259,52
399,72
7713,57
1651609,46
24662,25
14648,56
3335240,89
76943561,99
6711,35
616092654,94
7201490,33
928580819,6
201,68
911717,35
43177,26
3533854,70
6876719,66
97525,76
83863,48
82472,15
686075490,35
25308,74
1836,28
61576482,70
2112,11
704509167,86
4086815,93
459696,20
663271022,34
91485867,73
669543,53
942,94
628654613,90
906039,41
523271181,88
2525351,22
271165,97
39659460,69
80320,100
5316,93
1938,50
2873946,31
55794,79
98132615,96
1136400,74
8460,28
4318,14
2706,36
785033,32
4209008,1
71294308,11
17933,10
21738026,39
71611666,53
15668527,35
90814746,52
754199,69
39217779,76
648,68
634496310,57
885313449,67
59445702,78
93811,80
20985,16
509248216,17
44914276,85
440276214,10
46623364,33
345097,62
84531683,55
44248094,35
864700703,95
4709505,66
694,49
772574,67
1510398,19
358423135,2
717005220,89
124449939,93
84569140,27
88760,5
157,19
98302,87
598,26
72908,23
88221,70
84150787,53
162,33
221237,81
34717456,91
263241,47
7965157,58
7483,63
642,78
61426,53
158,47
702,15
1907,89
89179,48
9866951,35
105,22
548673,30
90664,89
10028,17
9752950,78
501329,60
9798,25
3213,26
76248912,31
6747,24
3916,73
458820,88
998,14
668732991,20
49770,10
586789270,73
22922,92
6484,55
753791,1
444630347,18
836250,17
765200,63
713923,56
204320889,8
75211384,55
863,100
3807101,91
6232656,82
50597031,77
13201309,55
15169986,31
6038390,69
4556290,43
81791,35
70232,41
290079657,24
496079,86
893,72
5149,86
21239,88
73341952,4
512348,37
55353602,86
42801,77
4457521,56
70723,76
67019598,26
1341788,4
955050,90
19419,20
2424980,51
692724476,100
196257,21
3650,38
9558751,81
2297424,6
2252,35
1484727,29
6194618,55
77776,95
22541313,69
546213,94
39207177,36
4924299,39
595040525,26
22252270,56
2281838,87
511814,73
406711,12
32645580,70
403587,24
3932,54
582377254,75
451242360,34
6985,83
441,40
7400,46
455088124,15
494501,45
172736,6
43004203,93
8400273,24
20637,7
1344,49
231004965,40
826538557,49
130146873,24
2513398,28
2538,76
93243,32
49012,39
351054,70
37644932,1
1174774,97
89041,11
959746,51
6020,54
6248,58
3516,56
1301,41
5449959,37
297446362,87
902062191,28
989700,69
98354849,96
69913825,68
68089,68
7374219,84
8824847,44
60644432,54
915,40
9799,40
920,49
2378485,5
50892,88
89323,46
74382489,71
340,18
197099,34
743390,90
76730705,80
11568,71
79269,80
530497839,10
99651,47
5153272,61
2291016,68
24705,14
633,77
953,87
743622713,5
2358918,75
26406922,34
1578589,70
7843666,19
413440021,64
31632,81
1788607,43
739387,8
77297373,33
56713,56
20986,75
6564,38
3504913,72
20323599,39
339865,76
66779733,4
844410,8
197,3
495580,28
6315759,97
69696637,80
744,26
106,32
45836,36
1844503,84
56703421,83
87064,100
48623,35
8513840,71
504286,73
687818777,94
3449276,83
861,88
85226,20
4293104,49
953234,70
138116938,24
16835060,96
4796282,80
7876,45
74188315,87
9736,34
3322,92
3529259,33
459,11
491669839,49
977,98
424553,41
4479,48
42639,95
46250,4
408,60
869,98
6457914,56
778288,89
77398008,50
397,60
13515977,22
8472925,16
42527,19
664,35
790860070,82
439934,48
8076,91
347,26
306539636,99
636,63
29866,97
743957,33
160505115,22
867667854,11
17644474,65
873,1
5968106,38
610988255,90
448,56
903503,84
7731,96
5813629,58
564699131,91
2378127,3
131,33
436784,22
61774,27
5559,95
458701,54
81300336,55
2229,16
249969429,57
4311223,2
2472,96
71266,43
409,38
828,60
21863,38
2286949,95
272706878,27
93877496,19
90638,5
585,7
97417124,36
521,69
70243,32
18002,21
3253,46
444247,20
822,62
67467,64
2348,12
156804254,86
284089,76
68339460,57
29877684,5
659877756,4
9675,11
7147,95
1241,97
35224,24
62222298,64
8465166,39
5579,36
8748676,14
8146,91
435750159,85
7113,44
9835682,56
337,8
32024673,39
1412,79
742263855,79
81289187,45
892,24
311008652,31
651414,2
453,45
49426728,85
19234,82
305113862,64
732423737,38
721162,91
364755,61
6466,52
207,61
37571106,74
963618,59
472635,61
68489260,61
610003,49
87773784,73
86225,79
758,85
617220,17
125108330,83
858980998,95
549688981,69
632198447,39
91924961,76
823932147,74
9044413,86
995808495,73
78895187,69
8008,99
1935114,97
74842,7
62296,93
2947652,30
659795,48
2320788,79
971069,66
13490,36
598021,10
8042974,55
5526,42
921904,16
66097711,7
56754,56
879273380,28
344392062,22
965305801,97
74652696,95
3015203,83
728,11
327,46
369556,28
84622,2
33603329,12
834787769,51
435019707,15
4101,26
90091,75
468677310,100
9841,15
724948550,79
8194919,25
5843047,63
6971115,17
9332621,51
11304822,83
59964012,38
3929843,19
9449661,40
970967,76
836115,65
350924757,24
1693880,28
486982590,3
54169540,29
6463206,50
42305552,55
30170877,78
46820,62
10944,42
837599486,19
95238,50
523115790,1
512082,2
759218613,94
1985035,92
481874819,56
10020,52
331,29
757918677,91
622,57
99095454,78
18531,49
29583886,47
4481657,24
610250,91
726214,90
89338233,59
35681,4
72882302,87
6502,7
50559189,96
1303047,75
676640023,3
301652915,88
497465155,32
1816,78
15402,100
9608867,68
322906373,97
609397543,25
55312,56
8564,35
350507,90
140634,100
66597968,67
619959,92
8032,88
59099,51
121112,19
379511551,76
721328,4
63154,12
53958863,25
911313,95
762553174,97
3012,51
716715986,30
9919078,54
9284,71
788740202,25
75845732,18
324589182,5
94072,90
596509380,72
230,40
35688,65
59449436,45
851513,28
51424675,13
9086009,97
1279,64
8994931,55
489969,67
53673559,21
5370814,39
289784,72
87044,19
431736815,62
18628,38
7438562,40
43169354,52
3981784,99
420563695,73
10953883,86
727737,94
29480854,33
242,15
52624,80
5397920,78
3754,29
1126357,17
704971,11
7435109,49
825,61
627306,55
343123894,81
8998,52
6430622,56
4762224,64
147052,100
642398,1
148420,84
217866,100
7416231,20
167,89
269015419,55
269299526,21
6725634,88
93626378,80
5361347,81
9442972,30
48554782,89
3888686,44
466149797,4
237,97
39236055,84
404206398,4
427522,50
692,56
41976212,37
1837,62
83320777,81
373322991,87
92132,4
40832229,8
677,90
13150,19
936638644,24
2888,44
231838812,57
35357947,59
9213053,12
27816,66
199122163,74
5836130,81
12926,72
7854794,48
70944429,27
985,67
770580,7
516748,16
9518163,68
575164306,11
246292694,85
42900311,75
783821,49
7923587,1
672,68
45110506,42
45635555,14
7179,94
1643,98
49383243,20
63339,71
586,71
7796,9
65935,7
37447,75
5783328,97
667,51
4996,22
1471514,37
36815,82
872385911,83
2866,40
8027,24
1913,12
90213179,52
7041,80
9287282,32
980,77
70930,93
65685873,1
1067,49
484370,48
14648153,90
28066622,89
8417371,46
80086,68
4960868,60
6937,28
3323258,94
87035822,98
66365,27
5673369,91
996805001,2
30997,15
5908,44
6734455,73
4042,17
359,8
54264590,78
727016036,99
8509467,51
1973197,33
518590,39
94148,10
631194,57
7790571,93
4608,88
7456349,14
5412057,24
6563,81
312259648,6
5025128,25
950687137,35
304514565,51
75742330,78
88944,1
222,52
8882808,48
718252,69
21072593,77
86282,61
934531,40
638,49
2623,28
518928,42
7260,58
17090436,38
2451,17
163239,32
62863607,52
39121,14
7807,8
23419,100
67542,100
2518,15
463655,71
38952039,59
589092380,14
8817539,92
33064,50
80863,2
504150230,11
16107198,4
892077400,95
668448,61
2203,81
425702559,60
520,4
3538361,16
1299239,29
2280,10
147615503,39
64228,82
24405,95
61507432,56
1217031,44
141016231,45
10621,75
6769214,54
695194,27
6170,24
754961,90
61547297,8
9843755,17
221152,74
5072,100
588651,90
7793909,10
267326,77
906247441,35
329892966,8
7149244,82
664619,14
35061,57
93137791,54
78655934,29
83479,64
794811,93
421853,17
81035,93
780394951,55
266334,3
1310,86
74364,40
2839001,100
777971,82
94632,7
85212413,29
20150,73
28496,93
559305140,95
17866,7
26269,50
914,54
43423085,67
238,5
191834195,87
175789,68
700823919,98
42380,50
1329034,28
20739,71
378926,89
1659,78
2562,35
310802008,68
886027,98
60110,77
79264,57
9180488,71
3497,95
749,39
70626,83
2837,85
97291448,37
5647324,21
21914569,88
337613,5
42524303,52
2206186,60
85055,87
85677,40
81410588,47
34126434,48
573963,30
74783990,68
3883200,35
2917,40
9076,16
88825,46
446406,50
963855,5
5333,66
95380588,72
142,83
444929,11
3195763,48
55875,55
5936507,12
8397586,91
78253510,45
53042272,45
8260649,82
4375,97
83531462,71
318,54
509658995,95
30654,84
460,8
3864,61
82784194,55
458272677,96
5491,23
4305,6
84089338,59
863128,47
60189892,15
3688314,9
480275470,46
4569754,75
159999,79
19852560,78
821641962,20
40790,16
6667767,57
1289915,83
565685042,100
258218397,64
2654455,44
868,50
178312,31
334341,70
5710,48
1593,4
75131,8
37791578,83
983453,78
63835,26
7518180,44
513351071,8
7143652,67
527,67
7151158,10
98385329,27
8608754,13
9136266,72
287278524,32
743421746,18
8512,77
80928,31
7774,42
120627,15
16933,10
5773,51
8131622,19
637963226,60
8338,91
615534,30
319583,19
47660,51
43743,89
61880,26
234602878,99
74963453,7
247302,97
996363,39
955,92
85750,76
7621,86
88202627,72
298,78
3896,69
4544495,8
368,29
87425880,41
82310021,32
81089,11
20700092,99
63926,72
798102,2
9893048,99
742778,15
8997,83
76956179,83
932748226,58
63548438,76
399581964,50
64532213,73
29561488,64
819,6
31537807,86
62340,91
20272,70
964926,32
945474142,40
475347,62
884194985,97
139874,11
8038106,38
17172,8
870,14
33671,33
63020951,100
145412,17
71824298,52
76775,40
40784003,51
2623468,89
62325497,91
2138,50
52990718,69
697,54
692026003,78
46511,90
459977,77
192327146,99
5206,93
62902,57
844,60
2434,38
828709,77
797156,20
8839,86
314444,21
418861008,17
9212,69
880852,36
2609655,20
9018,80
499209,92
80730129,32
25662423,35
699170,15
47077889,6
93840,44
8371,4
352910660,87
578875,82
888779,31
39183640,52
4429681,19
41572,9
591814,74
9531178,76
4805965,18
84571317,23
985476,70
596092460,80
5385485,84
2261,13
260362490,49
540,33
81460991,47
2784,60
733650,45
373332,92
5012037,40
666,56
279074918,8
6463,59
212786,64
349657,17
17242447,52
112491,85
546955121,22
770,5
7336809,94
93641,67
63754,5
52354,50
47048479,17
44317983,91
69410,15
413408,65
47772733,29
91260,82
1186746,21
2734795,41
14836604,33
494044240,61
21655,45
4879,39
9904,61
9615,2
95572039,45
783165516,47
7483857,67
2264104,28
1219,16
3080391,36
39723678,71
350348,73
5227181,68
331401,72
107822,6
565080498,42
1573609,100
8029,28
556482,65
21417,56
663492635,88
94036,54
2446125,68
8578787,78
61480726,73
349820043,65
9942,46
4663496,41
8425,14
13351,74
2664528,34
8582,7
80029704,92
374321883,17
94804021,39
276529948,60
4374,5
9229647,25
958176509,2
119031542,75
5153,37
6639,70
940544691,74
385,84
93115245,45
4777624,25
643422665,37
534,50
60135,11
530,75
22327,96
61735,88
3924,52
16266,7
2034,58
25045,21
7303,19
23935975,6
456,89
3626364,73
29070,65
981852,12
335,19
22596730,46
30920776,68
95503,46
72155220,96
582324,72
805987613,23
94096,48
7432,93
790166,65
489327418,98
841261415,4
4646881,33
64171449,8
283341,92
962225,80
1013868,45
78905,69
832261158,43
44966520,46
9076293,55
126464,7
53954,47
5768580,53
56503250,29
811090,3
6253486,98
7154243,100
8369828,41
5587605,1
72779,11
632,34
784,91
637857,63
10024912,93
981778284,47
51080,9
445226682,23
251345397,38
995624,35
4248616,19
765179,33
632420280,75
66296,10
9593891,28
38408,6
4477831,90
272,83
595202,78
95639,37
309610,46
289403,64
210514,82
6009,27
58784,30
46732980,95
67705,85
206,20
8102,84
586004879,58
563747327,49
9546495,10
608432020,26
452517,33
818191918,13
7417,60
961808,75
25941,42
13592,27
2935203,96
71375,6
655762,95
327409903,72
4642,19
42715,46
28411,37
3422,63
8273919,5
844666,8
14638888,94
862001,22
519323,71
6987,42
443371,36
805161,32
42192,26
79000519,51
101492,29
45270004,9
61183692,76
22712,38
137,10
858359397,45
566435940,25
2037474,76
3106,65
472343412,71
789832861,49
299543317,62
8866216,34
720767,69
3015,57
88914,56
12484998,6
8423,17
410973,99
583219,86
5045,76
816157815,41
703408162,90
6070489,85
5699,54
8430378,49
521097922,61
88566,78
813558926,59
63012,71
152135587,44
5149981,85
7924881,5
38590118,100
77427629,32
1270477,87
76136,67
68770,31
322270,72
569907320,66
44516,59
309977,76
600638,25
88001,29
51041,78
1597,54
11037,71
93291790,5
125442452,96
714491,25
107939,32
181,73
7689,56
777730,15
25753547,67
94588,46
95872,56
2089918,36
873296202,31
7345,61
8427,12
3601607,14
267571506,18
3816,46
361395851,20
317502581,70
7030515,50
47117,27
973327,27
7413,5
69456,60
4683,18
438,83
634323,65
988600542,49
51907,46
4858960,92
579,61
85747725,97
6020868,50
7894,19
606108639,93
74556355,32
5897629,40
1889732,74
9842,64
746248724,28
352152696,1
3370,80
637,15
7288,73
1160755,60
926503587,18
6661734,47
12347,30
1309,27
58893,57
30700,87
82454,51
199005211,42
78452402,17
493197,72
34397419,63
18907,80
32972,99
94252824,5
879940575,79
15477591,15
4354,31
548,25
1710330,42
415209160,92
340465733,72
11338755,92
819917,91
724278,1
9822887,11
7134,2
95637825,66
62744750,43
4402,93
83618909,25
2279,81
275923,34
25535,8
1058,34
2962919,40
94327697,94
694793,51
914450,11
341134,76
6759,88
251817233,34
570,27
519916,24
439,100
9449,4
259862297,42
28793,14
2263039,8
3101,51
4723,46
10242451,2
661971,46
12398,62
93010,34
157231432,48
238494,87
45079709,66
97373,19
7361,23
9275604,54
517511,76
98072,72
2088444,85
90008510,36
349,72
673157318,93
8408,62
491343967,30
7614,28
971007334,65
949225,35
9892861,44
9968191,46
9956147,26
43091,56
2437709,95
13284099,81
8302516,82
8033,31
816206,19
514928199,77
5643,99
951419,58
563189646,76
66862,2
810198055,23
49561,9
12760,35
93695848,80
728192,98
74744195,94
3470909,56
716819,11
6993917,44
1095,64
806096,6
23014,84
59790799,96
15385374,59
20959318,30
70334318,93
653691290,60
2044,27
256159459,74
943373707,20
8703325,82
8334740,68
769085699,3
116332138,20
282907140,62
46440,62
1959,51
605549083,35
94767445,36
397325,7
791422,5
8441,18
97387760,55
79010808,22
471909,25
9250,45
9442634,78
29640746,2
951765117,69
311399965,89
26577959,44
68071,56
334,21
7550703,13
582,36
173136,72
64273788,40
61113145,33
7210,66
6143248,97
922,60
884335166,47
5487050,35
88565,16
49958,96
2419666,8
135,28
7704,45
30677,19
1213,73
868843589,55
58261,53
5301535,95
4591,30
40640021,85
8677,37
310367441,91
470930092,19
56381483,27
65170790,90
315704382,82
5412713,38
56805299,41
9733,12
906891,56
4521392,58
384210545,87
8696145,78
711305729,6
5231485,5
47624825,36
333147,62
136725076,29
7259637,14
33254,86
6285,68
661,18
799646127,2
975362922,86
2339032,30
474907367,45
233992,55
180236923,67
770981,75
835,30
4857,39
636937,12
268021,93
8674,47
166254394,31
125,84
443224104,12
7841,31
5435320,95
3936,12
4268941,33
10636875,71
807899,27
606,23
438114453,42
8282,27
10135139,29
38914,44
121117492,5
22162,36
22491417,73
48454,37
29990,13
218264,12
9128,99
347682863,44
10661818,89
7925,80
322445,13
72989,64
9327570,53
77271437,13
1411216,31
193677997,46
11452341,78
265886496,65
23050,90
531216703,15
91972,40
1810431,99
28803224,67
760708086,10
610184,1
26301,80
31989806,73
54972297,62
3121,22
392313422,72
92998,18
46004,70
22419,60
5671,63
45035,95
7720,89
4782,50
55215,64
8109,65
7932,78
8440864,62
1151492,55
114616,80
478062038,17
45462819,27
7828,37
823377045,30
74095137,70
8127,90
419651,9
300762,7
433085787,34
25614,94
652,74
55985,89
6814332,26
9434998,48
8273367,36
344588,91
1617142,64
85776,11
30168521,76
1013220,86
5258,56
9990412,25
984480,13
5295,41
87706,47
19370817,26
55867,60
94233,25
2741723,82
24390,62
81031,91
479522,50
65850159,63
51374153,44
594747,3
96536,90
1474198,43
930,9
5276538,89
5182332,98
578899,82
845856,60
66815631,72
59860887,68
9910,62
34591,63
367697729,2
18121234,73
30297,10
767,28
29652,100
351134,59
35424686,52
359093438,70
409133768,22
81263614,88
65258,58
62671772,13
194872607,39
3724,8
3659248,33
34660,61
887839361,61
909920,43
58493,25
344162,34
71302470,87
834846301,68
17032,52
551891,28
229202509,95
763,20
154526,78
796824,39
1230606,5
114,29
164,34
86546,4
630065105,49
321286,21
38930,55
264,74
894899,90
22539,48
616,5
9197,88
199691607,20
3701,69
69255304,60
642362,5
731145275,97
69727,67
7874,71
397689420,65
41380087,28
1724,27
267958,45
659987634,93
984710588,57
72609,52
65178,21
7328,20
2174643,86
12759,69
620,30
305,56
720940,3
6581,71
5396,64
220,68
5909,7
46854324,18
828217437,80
203939474,47
22891951,4
75885,25
534690,22
5939,67
70898790,62
123242,25
4098719,88
5783720,67
85889,94
161350,33
619,24
4855,20
70780164,93
9005,71
233315028,33
542,92
76593400,75
3727,78
484278,40
59665137,45
1579,39
670268,96
663218,63
7068,79
8015627,69
12283604,67
9062,50
563111,33
716,86
41780,36
72064414,91
40299,47
91296,22
1677584,88
842,28
7549,20
45000911,42
9477753,4
6516,70
74064,41
3243775,27
722,30
1292773,6
168532,27
6767706,71
61472084,27
678359,41
156273297,92
6363,11
4335,96
1353,21
45994,11
605,95
33098567,77
111575600,72
97792095,57
768,40
775,34
7070660,84
518978384,76
61057149,66
5744970,60
898783640,21
9728162,88
79541,5
953423009,78
281064213,68
4046,47
930026,98
9534092,71
74514,12